{
  "timestamp": "20260614-110449",
  "model": "L31-70B-I",
  "method": "suffix",
  "status": "ok",
  "vllm_script": "/home/yijiali/speculative-decoding-empirical-main/vllm/scripts/L31-70B-I.sh/suiffix.sh",
  "canitedit_script": "/home/yijiali/speculative-decoding-empirical-main/CanItEdit/scripts/L31-70B-I/suffix.sh",
  "vllm_log": "/home/yijiali/speculative-decoding-empirical-main/vllm/canitedit/results/L31-70B-I/suffix/vllm.log",
  "canitedit_log": "/home/yijiali/speculative-decoding-empirical-main/vllm/canitedit/results/L31-70B-I/suffix/canitedit.log",
  "metrics_snapshot": "/home/yijiali/speculative-decoding-empirical-main/vllm/canitedit/results/L31-70B-I/suffix/metrics.txt",
  "error": "",
  "startup_seconds": 110.022,
  "vllm_exit_code": -15,
  "grafana_reachable": true,
  "canitedit_exit_code": 0,
  "canitedit_seconds": 257.847,
  "tps": 40.46981819489391,
  "tps_source": "vllm:request_generation_tokens_sum/vllm:request_decode_time_seconds_sum",
  "mean_accept_length": 3.9280855199222544,
  "mean_accept_length_source": "vllm:spec_decode_num_accepted_tokens_total/vllm:spec_decode_num_drafts_total",
  "n_alpha": "{\"0\": 0.6138645934564302, \"1\": 0.7531398416886543, \"10\": 0.9758593545001312, \"11\": 0.9510621134713633, \"12\": 0.0, \"13\": null, \"2\": 0.8312780269058296, \"3\": 0.8707012811867836, \"4\": 0.949080348499516, \"5\": 0.9312525499796002, \"6\": 0.9647316538882804, \"7\": 0.9178019981834695, \"8\": 0.975259772389906, \"9\": 0.9667681380010147}",
  "n_alpha_source": "pos0=accepted_pos_0/drafts; posN=accepted_pos_N/accepted_pos_N-1",
  "generation_tokens": 75657.0,
  "decode_seconds": 1869.4672567010857,
  "accepted_tokens": 60630.0,
  "drafts": 15435.0,
  "accepted_by_pos": "{\"0\": 9475.0, \"1\": 7136.0, \"2\": 5932.0, \"3\": 5165.0, \"4\": 4902.0, \"5\": 4565.0, \"6\": 4404.0, \"7\": 4042.0, \"8\": 3942.0, \"9\": 3811.0, \"10\": 3719.0, \"11\": 3537.0, \"12\": 0.0, \"13\": 0.0}",
  "n_alpha_0": 0.6138645934564302,
  "n_alpha_1": 0.7531398416886543,
  "n_alpha_2": 0.8312780269058296,
  "n_alpha_3": 0.8707012811867836,
  "n_alpha_4": 0.949080348499516,
  "n_alpha_5": 0.9312525499796002,
  "n_alpha_6": 0.9647316538882804,
  "n_alpha_7": 0.9178019981834695,
  "n_alpha_8": 0.975259772389906,
  "n_alpha_9": 0.9667681380010147,
  "n_alpha_10": 0.9758593545001312,
  "n_alpha_11": 0.9510621134713633,
  "n_alpha_12": 0.0,
  "n_alpha_13": null,
  "pass@1": 0.6047619047619047,
  "pass@10": 1.0,
  "pass@100": 1.0,
  "canitedit_num_problems": 210,
  "canitedit_min_completions": 1,
  "canitedit_max_completions": 1,
  "canitedit_total_completions": 210,
  "canitedit_total_correct": 127,
  "skipped": true
}