{
  "timestamp": "20260614-111253",
  "model": "Qwen3-30B-A3B-I-2507",
  "method": "suffix",
  "status": "ok",
  "vllm_script": "/home/yijiali/speculative-decoding-empirical-main/vllm/scripts/Qwen3-30B-A3B-I-2507.sh/suffix.sh",
  "canitedit_script": "/home/yijiali/speculative-decoding-empirical-main/CanItEdit/scripts/Qwen3-30B-A3B-I-2507/suffix.sh",
  "vllm_log": "/home/yijiali/speculative-decoding-empirical-main/vllm/canitedit/results/Qwen3-30B-A3B-I-2507/suffix/vllm.log",
  "canitedit_log": "/home/yijiali/speculative-decoding-empirical-main/vllm/canitedit/results/Qwen3-30B-A3B-I-2507/suffix/canitedit.log",
  "metrics_snapshot": "/home/yijiali/speculative-decoding-empirical-main/vllm/canitedit/results/Qwen3-30B-A3B-I-2507/suffix/metrics.txt",
  "error": "",
  "startup_seconds": 90.02,
  "vllm_exit_code": -15,
  "grafana_reachable": true,
  "canitedit_exit_code": 0,
  "canitedit_seconds": 67.561,
  "tps": 146.61584290835577,
  "tps_source": "vllm:request_generation_tokens_sum/vllm:request_decode_time_seconds_sum",
  "mean_accept_length": 2.931679498146564,
  "mean_accept_length_source": "vllm:spec_decode_num_accepted_tokens_total/vllm:spec_decode_num_drafts_total",
  "n_alpha": "{\"0\": 0.5390932420872541, \"1\": 0.7096159949222469, \"10\": 0.9753544902093181, \"11\": 0.9117341640706127, \"12\": 0.0, \"13\": null, \"2\": 0.768783542039356, \"3\": 0.8386658910219119, \"4\": 0.9320231213872833, \"5\": 0.8871247829322749, \"6\": 0.9605704697986577, \"7\": 0.9199417758369723, \"8\": 0.9737341772151898, \"9\": 0.9626259343516412}",
  "n_alpha_source": "pos0=accepted_pos_0/drafts; posN=accepted_pos_N/accepted_pos_N-1",
  "generation_tokens": 70178.0,
  "decode_seconds": 478.65222889906727,
  "accepted_tokens": 51407.0,
  "drafts": 17535.0,
  "accepted_by_pos": "{\"0\": 9453.0, \"1\": 6708.0, \"2\": 5157.0, \"3\": 4325.0, \"4\": 4031.0, \"5\": 3576.0, \"6\": 3435.0, \"7\": 3160.0, \"8\": 3077.0, \"9\": 2962.0, \"10\": 2889.0, \"11\": 2634.0, \"12\": 0.0, \"13\": 0.0}",
  "n_alpha_0": 0.5390932420872541,
  "n_alpha_1": 0.7096159949222469,
  "n_alpha_2": 0.768783542039356,
  "n_alpha_3": 0.8386658910219119,
  "n_alpha_4": 0.9320231213872833,
  "n_alpha_5": 0.8871247829322749,
  "n_alpha_6": 0.9605704697986577,
  "n_alpha_7": 0.9199417758369723,
  "n_alpha_8": 0.9737341772151898,
  "n_alpha_9": 0.9626259343516412,
  "n_alpha_10": 0.9753544902093181,
  "n_alpha_11": 0.9117341640706127,
  "n_alpha_12": 0.0,
  "n_alpha_13": null,
  "pass@1": 0.5428571428571428,
  "pass@10": 1.0,
  "pass@100": 1.0,
  "canitedit_num_problems": 210,
  "canitedit_min_completions": 1,
  "canitedit_max_completions": 1,
  "canitedit_total_completions": 210,
  "canitedit_total_correct": 114,
  "skipped": true
}