{
  "timestamp": "20260617-235530",
  "model": "Qwen3-30B-A3B-I-2507",
  "method": "suffix",
  "status": "ok",
  "vllm_script": "/home/yijiali/speculative-decoding-empirical-main/vllm/scripts/Qwen3-30B-A3B-I-2507.sh/suffix.sh",
  "d4c_script": "/home/yijiali/speculative-decoding-empirical-main/D4C/scripts/run_defects4j.sh",
  "vllm_log": "/home/yijiali/speculative-decoding-empirical-main/vllm/defects4j/results/Qwen3-30B-A3B-I-2507/suffix/vllm.log",
  "d4c_log": "/home/yijiali/speculative-decoding-empirical-main/vllm/defects4j/results/Qwen3-30B-A3B-I-2507/suffix/d4c.log",
  "metrics_snapshot": "/home/yijiali/speculative-decoding-empirical-main/vllm/defects4j/results/Qwen3-30B-A3B-I-2507/suffix/metrics.txt",
  "eval_csv": "/home/yijiali/speculative-decoding-empirical-main/vllm/defects4j/results/Qwen3-30B-A3B-I-2507/suffix/eval.csv",
  "error": "",
  "startup_seconds": 70.014,
  "vllm_exit_code": -15,
  "remote_model": "suffix/Qwen3-30B-A3B-Instruct-2507_vllm-0.12.0",
  "d4c_exit_code": 0,
  "d4c_seconds": 8741.308,
  "correct": 79,
  "bugs": 437,
  "evaluated_bugs": 437,
  "total_bugs": 437,
  "correct_pct": 18.07780320366133,
  "correct_pct_total": 18.07780320366133,
  "tps": 144.39949127236164,
  "mean_accept_length": 3.135723491505565,
  "generation_tokens": 176782.0,
  "decode_seconds": 1224.256390672177,
  "accepted_tokens": 133817.0,
  "drafts": 42675.0,
  "accepted_by_pos": "{\"0\": 26531.0, \"1\": 20059.0, \"2\": 15278.0, \"3\": 12041.0, \"4\": 10230.0, \"5\": 8615.0, \"6\": 8038.0, \"7\": 7287.0, \"8\": 7022.0, \"9\": 6500.0, \"10\": 6293.0, \"11\": 5923.0, \"12\": 0.0, \"13\": 0.0}",
  "n_alpha": "{\"0\": 0.6216988869361453, \"1\": 0.7560589499076552, \"10\": 0.9681538461538461, \"11\": 0.9412045129508978, \"12\": 0.0, \"13\": null, \"2\": 0.7616531232863054, \"3\": 0.7881267181568268, \"4\": 0.8495972095340919, \"5\": 0.8421309872922776, \"6\": 0.9330237957051654, \"7\": 0.9065687982085096, \"8\": 0.963633868533004, \"9\": 0.9256622045001424}",
  "n_alpha_0": 0.6216988869361453,
  "n_alpha_1": 0.7560589499076552,
  "n_alpha_2": 0.7616531232863054,
  "n_alpha_3": 0.7881267181568268,
  "n_alpha_4": 0.8495972095340919,
  "n_alpha_5": 0.8421309872922776,
  "n_alpha_6": 0.9330237957051654,
  "n_alpha_7": 0.9065687982085096,
  "n_alpha_8": 0.963633868533004,
  "n_alpha_9": 0.9256622045001424,
  "n_alpha_10": 0.9681538461538461,
  "n_alpha_11": 0.9412045129508978,
  "n_alpha_12": 0.0,
  "n_alpha_13": null
}