{
  "timestamp": "20260618-022405",
  "model": "L31-70B-I",
  "method": "suffix",
  "status": "ok",
  "vllm_script": "/home/yijiali/speculative-decoding-empirical-main/vllm/scripts/L31-70B-I.sh/suiffix.sh",
  "d4c_script": "/home/yijiali/speculative-decoding-empirical-main/D4C/scripts/run_defects4j.sh",
  "vllm_log": "/home/yijiali/speculative-decoding-empirical-main/vllm/defects4j/results/L31-70B-I/suffix/vllm.log",
  "d4c_log": "/home/yijiali/speculative-decoding-empirical-main/vllm/defects4j/results/L31-70B-I/suffix/d4c.log",
  "metrics_snapshot": "/home/yijiali/speculative-decoding-empirical-main/vllm/defects4j/results/L31-70B-I/suffix/metrics.txt",
  "eval_csv": "/home/yijiali/speculative-decoding-empirical-main/vllm/defects4j/results/L31-70B-I/suffix/eval.csv",
  "error": "",
  "startup_seconds": 110.018,
  "vllm_exit_code": -15,
  "remote_model": "suffix/Llama-3.1-70B-Instruct_vllm-0.12.0",
  "d4c_exit_code": 0,
  "d4c_seconds": 6629.016,
  "correct": 84,
  "bugs": 437,
  "evaluated_bugs": 437,
  "total_bugs": 437,
  "correct_pct": 19.221967963386728,
  "correct_pct_total": 19.221967963386728,
  "tps": 39.56896030700409,
  "mean_accept_length": 3.554976920345603,
  "generation_tokens": 153583.0,
  "decode_seconds": 3881.400946812704,
  "accepted_tokens": 120144.0,
  "drafts": 33796.0,
  "accepted_by_pos": "{\"0\": 21497.0, \"1\": 16404.0, \"2\": 12760.0, \"3\": 10480.0, \"4\": 9301.0, \"5\": 8121.0, \"6\": 7744.0, \"7\": 7213.0, \"8\": 7055.0, \"9\": 6703.0, \"10\": 6591.0, \"11\": 6275.0, \"12\": 0.0, \"13\": 0.0}",
  "n_alpha": "{\"0\": 0.6360811930405965, \"1\": 0.7630832209145462, \"10\": 0.9832910637028196, \"11\": 0.9520558337126385, \"12\": 0.0, \"13\": null, \"2\": 0.7778590587661546, \"3\": 0.8213166144200627, \"4\": 0.8875, \"5\": 0.873131921298785, \"6\": 0.9535771456717153, \"7\": 0.9314307851239669, \"8\": 0.9780951060585055, \"9\": 0.9501063075832743}",
  "n_alpha_0": 0.6360811930405965,
  "n_alpha_1": 0.7630832209145462,
  "n_alpha_2": 0.7778590587661546,
  "n_alpha_3": 0.8213166144200627,
  "n_alpha_4": 0.8875,
  "n_alpha_5": 0.873131921298785,
  "n_alpha_6": 0.9535771456717153,
  "n_alpha_7": 0.9314307851239669,
  "n_alpha_8": 0.9780951060585055,
  "n_alpha_9": 0.9501063075832743,
  "n_alpha_10": 0.9832910637028196,
  "n_alpha_11": 0.9520558337126385,
  "n_alpha_12": 0.0,
  "n_alpha_13": null
}