{
  "timestamp": "20260618-160502",
  "model": "Qwen3-32B",
  "method": "suffix",
  "status": "ok",
  "vllm_script": "/home/yijiali/speculative-decoding-empirical-main/vllm/scripts/Qwen3-32B.sh/suffix.sh",
  "d4c_script": "/home/yijiali/speculative-decoding-empirical-main/D4C/scripts/run_defects4j.sh",
  "vllm_log": "/home/yijiali/speculative-decoding-empirical-main/vllm/defects4j/results/Qwen3-32B/suffix/vllm.log",
  "d4c_log": "/home/yijiali/speculative-decoding-empirical-main/vllm/defects4j/results/Qwen3-32B/suffix/d4c.log",
  "metrics_snapshot": "/home/yijiali/speculative-decoding-empirical-main/vllm/defects4j/results/Qwen3-32B/suffix/metrics.txt",
  "eval_csv": "/home/yijiali/speculative-decoding-empirical-main/vllm/defects4j/results/Qwen3-32B/suffix/eval.csv",
  "error": "",
  "startup_seconds": 90.015,
  "vllm_exit_code": -15,
  "remote_model": "suffix/Qwen3-32B_vllm-0.12.0",
  "d4c_exit_code": 0,
  "d4c_seconds": 8236.321,
  "correct": 83,
  "bugs": 437,
  "evaluated_bugs": 437,
  "total_bugs": 437,
  "correct_pct": 18.993135011441648,
  "correct_pct_total": 18.993135011441648,
  "tps": 96.11356079938948,
  "mean_accept_length": 3.3287407882089073,
  "generation_tokens": 175712.0,
  "decode_seconds": 1828.170744467061,
  "accepted_tokens": 135057.0,
  "drafts": 40573.0,
  "accepted_by_pos": "{\"0\": 26131.0, \"1\": 19721.0, \"2\": 15140.0, \"3\": 12062.0, \"4\": 10335.0, \"5\": 8799.0, \"6\": 8230.0, \"7\": 7553.0, \"8\": 7326.0, \"9\": 6825.0, \"10\": 6651.0, \"11\": 6284.0, \"12\": 0.0, \"13\": 0.0}",
  "n_alpha": "{\"0\": 0.6440489981021862, \"1\": 0.7546974857449007, \"10\": 0.9745054945054945, \"11\": 0.9448203277702601, \"12\": 0.0, \"13\": null, \"2\": 0.767709548197353, \"3\": 0.7966974900924703, \"4\": 0.8568230807494611, \"5\": 0.8513788098693759, \"6\": 0.93533356063189, \"7\": 0.9177399756986634, \"8\": 0.9699457169336687, \"9\": 0.9316134316134316}",
  "n_alpha_0": 0.6440489981021862,
  "n_alpha_1": 0.7546974857449007,
  "n_alpha_2": 0.767709548197353,
  "n_alpha_3": 0.7966974900924703,
  "n_alpha_4": 0.8568230807494611,
  "n_alpha_5": 0.8513788098693759,
  "n_alpha_6": 0.93533356063189,
  "n_alpha_7": 0.9177399756986634,
  "n_alpha_8": 0.9699457169336687,
  "n_alpha_9": 0.9316134316134316,
  "n_alpha_10": 0.9745054945054945,
  "n_alpha_11": 0.9448203277702601,
  "n_alpha_12": 0.0,
  "n_alpha_13": null
}