{
  "timestamp": "20260615-231117",
  "model": "L31-8B-I",
  "method": "suffix",
  "status": "d4c_failed",
  "vllm_script": "/home/yijiali/speculative-decoding-empirical-main/vllm/scripts/L31-8B-I.sh/suffix.sh",
  "d4c_script": "/home/yijiali/speculative-decoding-empirical-main/D4C/scripts/run_defects4j.sh",
  "vllm_log": "/home/yijiali/speculative-decoding-empirical-main/vllm/defects4j/results/L31-8B-I/suffix/vllm.log",
  "d4c_log": "/home/yijiali/speculative-decoding-empirical-main/vllm/defects4j/results/L31-8B-I/suffix/d4c.log",
  "metrics_snapshot": "/home/yijiali/speculative-decoding-empirical-main/vllm/defects4j/results/L31-8B-I/suffix/metrics.txt",
  "eval_csv": "/home/yijiali/speculative-decoding-empirical-main/vllm/defects4j/results/L31-8B-I/suffix/eval.csv",
  "error": "",
  "startup_seconds": 40.01,
  "vllm_exit_code": -15,
  "remote_model": "suffix/Llama-3.1-8B-Instruct_vllm-0.12.0",
  "d4c_exit_code": 1,
  "d4c_seconds": 2392.151,
  "correct": 3,
  "bugs": 124,
  "correct_pct": 2.4193548387096775,
  "tps": 221.0706681662937,
  "mean_accept_length": 3.6597989394608925,
  "generation_tokens": 84729.0,
  "decode_seconds": 383.26658485631924,
  "accepted_tokens": 66257.0,
  "drafts": 18104.0,
  "accepted_by_pos": "{\"0\": 11290.0, \"1\": 8767.0, \"2\": 6881.0, \"3\": 5652.0, \"4\": 5149.0, \"5\": 4628.0, \"6\": 4455.0, \"7\": 4204.0, \"8\": 4146.0, \"9\": 4061.0, \"10\": 3719.0, \"11\": 3305.0, \"12\": 0.0, \"13\": 0.0}",
  "n_alpha": "{\"0\": 0.6236190897039329, \"1\": 0.7765279007971656, \"10\": 0.9157842895838464, \"11\": 0.8886797526216725, \"12\": 0.0, \"13\": null, \"2\": 0.784875099806091, \"3\": 0.8213922395000727, \"4\": 0.9110049539985846, \"5\": 0.8988153039425131, \"6\": 0.9626188418323249, \"7\": 0.9436588103254769, \"8\": 0.9862036156041865, \"9\": 0.9794983116256633}",
  "n_alpha_0": 0.6236190897039329,
  "n_alpha_1": 0.7765279007971656,
  "n_alpha_2": 0.784875099806091,
  "n_alpha_3": 0.8213922395000727,
  "n_alpha_4": 0.9110049539985846,
  "n_alpha_5": 0.8988153039425131,
  "n_alpha_6": 0.9626188418323249,
  "n_alpha_7": 0.9436588103254769,
  "n_alpha_8": 0.9862036156041865,
  "n_alpha_9": 0.9794983116256633,
  "n_alpha_10": 0.9157842895838464,
  "n_alpha_11": 0.8886797526216725,
  "n_alpha_12": 0.0,
  "n_alpha_13": null
}