{
  "timestamp": "20260617-150516",
  "model": "L31-8B-I",
  "method": "suffix",
  "status": "ok",
  "vllm_script": "/home/yijiali/speculative-decoding-empirical-main/vllm/scripts/L31-8B-I.sh/suffix.sh",
  "d4c_script": "/home/yijiali/speculative-decoding-empirical-main/D4C/scripts/run_defects4j.sh",
  "vllm_log": "/home/yijiali/speculative-decoding-empirical-main/vllm/defects4j/results/L31-8B-I/suffix/vllm.log",
  "d4c_log": "/home/yijiali/speculative-decoding-empirical-main/vllm/defects4j/results/L31-8B-I/suffix/d4c.log",
  "metrics_snapshot": "/home/yijiali/speculative-decoding-empirical-main/vllm/defects4j/results/L31-8B-I/suffix/metrics.txt",
  "eval_csv": "/home/yijiali/speculative-decoding-empirical-main/vllm/defects4j/results/L31-8B-I/suffix/eval.csv",
  "error": "",
  "startup_seconds": 40.011,
  "vllm_exit_code": -15,
  "remote_model": "suffix/Llama-3.1-8B-Instruct_vllm-0.12.0",
  "d4c_exit_code": 0,
  "d4c_seconds": 6031.308,
  "correct": 30,
  "bugs": 437,
  "evaluated_bugs": 437,
  "total_bugs": 437,
  "correct_pct": 6.864988558352403,
  "correct_pct_total": 6.864988558352403,
  "tps": 207.43119118945776,
  "mean_accept_length": 3.1771703033828027,
  "generation_tokens": 223119.0,
  "decode_seconds": 1075.6289771108422,
  "accepted_tokens": 169340.0,
  "drafts": 53299.0,
  "accepted_by_pos": "{\"0\": 31575.0, \"1\": 23644.0, \"2\": 18145.0, \"3\": 14655.0, \"4\": 12889.0, \"5\": 11222.0, \"6\": 10654.0, \"7\": 9889.0, \"8\": 9662.0, \"9\": 9257.0, \"10\": 9076.0, \"11\": 8672.0, \"12\": 0.0, \"13\": 0.0}",
  "n_alpha": "{\"0\": 0.5924126156213062, \"1\": 0.7488202692003167, \"10\": 0.9804472291239062, \"11\": 0.9554869986778316, \"12\": 0.0, \"13\": null, \"2\": 0.7674251395702927, \"3\": 0.8076605125378892, \"4\": 0.8794950528829751, \"5\": 0.8706649080611374, \"6\": 0.9493851363393334, \"7\": 0.9281959827294912, \"8\": 0.9770452017393063, \"9\": 0.9580832125853861}",
  "n_alpha_0": 0.5924126156213062,
  "n_alpha_1": 0.7488202692003167,
  "n_alpha_2": 0.7674251395702927,
  "n_alpha_3": 0.8076605125378892,
  "n_alpha_4": 0.8794950528829751,
  "n_alpha_5": 0.8706649080611374,
  "n_alpha_6": 0.9493851363393334,
  "n_alpha_7": 0.9281959827294912,
  "n_alpha_8": 0.9770452017393063,
  "n_alpha_9": 0.9580832125853861,
  "n_alpha_10": 0.9804472291239062,
  "n_alpha_11": 0.9554869986778316,
  "n_alpha_12": 0.0,
  "n_alpha_13": null
}