{
  "timestamp": "20260614-111537",
  "model": "Qwen3-32B",
  "method": "suffix",
  "status": "ok",
  "vllm_script": "/home/yijiali/speculative-decoding-empirical-main/vllm/scripts/Qwen3-32B.sh/suffix.sh",
  "canitedit_script": "/home/yijiali/speculative-decoding-empirical-main/CanItEdit/scripts/Qwen3-32B/suffix.sh",
  "vllm_log": "/home/yijiali/speculative-decoding-empirical-main/vllm/canitedit/results/Qwen3-32B/suffix/vllm.log",
  "canitedit_log": "/home/yijiali/speculative-decoding-empirical-main/vllm/canitedit/results/Qwen3-32B/suffix/canitedit.log",
  "metrics_snapshot": "/home/yijiali/speculative-decoding-empirical-main/vllm/canitedit/results/Qwen3-32B/suffix/metrics.txt",
  "error": "",
  "startup_seconds": 90.019,
  "vllm_exit_code": -15,
  "grafana_reachable": true,
  "canitedit_exit_code": 0,
  "canitedit_seconds": 100.407,
  "tps": 113.20507355348768,
  "tps_source": "vllm:request_generation_tokens_sum/vllm:request_decode_time_seconds_sum",
  "mean_accept_length": 4.1140411605513245,
  "mean_accept_length_source": "vllm:spec_decode_num_accepted_tokens_total/vllm:spec_decode_num_drafts_total",
  "n_alpha": "{\"0\": 0.6221285165838001, \"1\": 0.7647951441578149, \"10\": 0.9773215564573884, \"11\": 0.9567659990229604, \"12\": 0.0, \"13\": null, \"2\": 0.8464285714285714, \"3\": 0.8657602750429755, \"4\": 0.9536101083032491, \"5\": 0.9405640734431194, \"6\": 0.9690078486617025, \"7\": 0.9156801661474558, \"8\": 0.9770923111816738, \"9\": 0.9723769730733519}",
  "n_alpha_source": "pos0=accepted_pos_0/drafts; posN=accepted_pos_N/accepted_pos_N-1",
  "generation_tokens": 81924.0,
  "decode_seconds": 723.6778125610435,
  "accepted_tokens": 65368.0,
  "drafts": 15889.0,
  "accepted_by_pos": "{\"0\": 9885.0, \"1\": 7560.0, \"2\": 6399.0, \"3\": 5540.0, \"4\": 5283.0, \"5\": 4969.0, \"6\": 4815.0, \"7\": 4409.0, \"8\": 4308.0, \"9\": 4189.0, \"10\": 4094.0, \"11\": 3917.0, \"12\": 0.0, \"13\": 0.0}",
  "n_alpha_0": 0.6221285165838001,
  "n_alpha_1": 0.7647951441578149,
  "n_alpha_2": 0.8464285714285714,
  "n_alpha_3": 0.8657602750429755,
  "n_alpha_4": 0.9536101083032491,
  "n_alpha_5": 0.9405640734431194,
  "n_alpha_6": 0.9690078486617025,
  "n_alpha_7": 0.9156801661474558,
  "n_alpha_8": 0.9770923111816738,
  "n_alpha_9": 0.9723769730733519,
  "n_alpha_10": 0.9773215564573884,
  "n_alpha_11": 0.9567659990229604,
  "n_alpha_12": 0.0,
  "n_alpha_13": null,
  "pass@1": 0.6047619047619047,
  "pass@10": 1.0,
  "pass@100": 1.0,
  "canitedit_num_problems": 210,
  "canitedit_min_completions": 1,
  "canitedit_max_completions": 1,
  "canitedit_total_completions": 210,
  "canitedit_total_correct": 127,
  "skipped": true
}