{
  "timestamp": "20260614-111102",
  "model": "L31-8B-I",
  "method": "suffix",
  "status": "ok",
  "vllm_script": "/home/yijiali/speculative-decoding-empirical-main/vllm/scripts/L31-8B-I.sh/suffix.sh",
  "canitedit_script": "/home/yijiali/speculative-decoding-empirical-main/CanItEdit/scripts/L31-8B-I/suffix.sh",
  "vllm_log": "/home/yijiali/speculative-decoding-empirical-main/vllm/canitedit/results/L31-8B-I/suffix/vllm.log",
  "canitedit_log": "/home/yijiali/speculative-decoding-empirical-main/vllm/canitedit/results/L31-8B-I/suffix/canitedit.log",
  "metrics_snapshot": "/home/yijiali/speculative-decoding-empirical-main/vllm/canitedit/results/L31-8B-I/suffix/metrics.txt",
  "error": "",
  "startup_seconds": 50.13,
  "vllm_exit_code": -15,
  "grafana_reachable": true,
  "canitedit_exit_code": 0,
  "canitedit_seconds": 51.396,
  "tps": 228.63197594569704,
  "tps_source": "vllm:request_generation_tokens_sum/vllm:request_decode_time_seconds_sum",
  "mean_accept_length": 3.5368931471636387,
  "mean_accept_length_source": "vllm:spec_decode_num_accepted_tokens_total/vllm:spec_decode_num_drafts_total",
  "n_alpha": "{\"0\": 0.583630309049483, \"1\": 0.7287287287287287, \"10\": 0.9784250269687162, \"11\": 0.9517640573318633, \"12\": 0.0, \"13\": null, \"2\": 0.8248626373626373, \"3\": 0.8472939217318901, \"4\": 0.9459512578616353, \"5\": 0.9312279243714938, \"6\": 0.965194109772423, \"7\": 0.9077669902912622, \"8\": 0.9781003310415075, \"9\": 0.9653736006248372}",
  "n_alpha_source": "pos0=accepted_pos_0/drafts; posN=accepted_pos_N/accepted_pos_N-1",
  "generation_tokens": 78770.0,
  "decode_seconds": 344.5274864733219,
  "accepted_tokens": 60541.0,
  "drafts": 17117.0,
  "accepted_by_pos": "{\"0\": 9990.0, \"1\": 7280.0, \"2\": 6005.0, \"3\": 5088.0, \"4\": 4813.0, \"5\": 4482.0, \"6\": 4326.0, \"7\": 3927.0, \"8\": 3841.0, \"9\": 3708.0, \"10\": 3628.0, \"11\": 3453.0, \"12\": 0.0, \"13\": 0.0}",
  "n_alpha_0": 0.583630309049483,
  "n_alpha_1": 0.7287287287287287,
  "n_alpha_2": 0.8248626373626373,
  "n_alpha_3": 0.8472939217318901,
  "n_alpha_4": 0.9459512578616353,
  "n_alpha_5": 0.9312279243714938,
  "n_alpha_6": 0.965194109772423,
  "n_alpha_7": 0.9077669902912622,
  "n_alpha_8": 0.9781003310415075,
  "n_alpha_9": 0.9653736006248372,
  "n_alpha_10": 0.9784250269687162,
  "n_alpha_11": 0.9517640573318633,
  "n_alpha_12": 0.0,
  "n_alpha_13": null,
  "pass@1": 0.44761904761904764,
  "pass@10": 1.0,
  "pass@100": 1.0,
  "canitedit_num_problems": 210,
  "canitedit_min_completions": 1,
  "canitedit_max_completions": 1,
  "canitedit_total_completions": 210,
  "canitedit_total_correct": 94,
  "skipped": true
}